timestamp,object_id,length_m,width_m,depth_m,height_above_baseline_m,distance_m,centroid_x,centroid_y,point_count
2026-03-21T18:28:18.855437,0,1.5642,1.1948,1.5642,0.7669,0.6234,0.4861,-0.3902,157
2026-03-21T18:28:18.927557,0,1.5697,1.1938,1.5697,0.7659,0.6234,0.4815,-0.3959,159
2026-03-21T18:28:18.997302,0,1.6423,1.1940,1.6423,0.7644,0.6145,0.4868,-0.3750,162
2026-03-21T18:28:19.064261,0,1.5647,1.1953,1.5647,0.7661,0.6234,0.4815,-0.3959,159
2026-03-21T18:28:19.135145,0,1.5694,1.1925,1.5694,0.7655,0.6234,0.4815,-0.3961,159
2026-03-21T18:28:19.207490,0,1.5941,1.1936,1.5941,0.7662,0.6203,0.4833,-0.3889,160
2026-03-21T18:28:19.280470,0,1.6437,1.1925,1.6437,0.7646,0.6143,0.4866,-0.3750,162
2026-03-21T18:28:19.347125,0,1.5648,1.1917,1.5648,0.7664,0.6235,0.4816,-0.3960,159
2026-03-21T18:28:19.427237,0,1.5668,1.1965,1.5668,0.7677,0.6239,0.4818,-0.3965,159
2026-03-21T18:28:19.427237,1,0.0479,0.0032,0.0479,0.7562,1.0492,0.7546,0.7290,3
2026-03-21T18:28:19.504198,0,1.6422,1.1999,1.6422,0.3621,0.6142,0.4863,-0.3752,162
2026-03-21T18:28:19.577354,0,1.5926,1.1991,1.5926,0.3605,0.6210,0.4835,-0.3897,160
2026-03-21T18:28:19.621599,0,1.0229,1.0229,0.1002,0.8355,0.8764,0.0905,-0.8717,64
2026-03-21T18:28:19.621599,1,1.4264,0.1798,1.4264,0.3581,0.7497,0.7459,-0.0759,95
2026-03-21T18:28:19.693428,0,1.5961,1.1918,1.5961,0.3589,0.6204,0.4831,-0.3892,160
2026-03-21T18:28:19.765280,0,1.0832,1.0832,0.2112,0.8347,0.8684,0.1433,-0.8564,71
2026-03-21T18:28:19.765280,1,1.4231,0.0747,1.4231,0.3618,0.7548,0.7548,-0.0081,90
2026-03-21T18:28:19.837639,0,1.5704,1.1993,1.5704,0.3638,0.6236,0.4816,-0.3962,159
2026-03-21T18:28:19.909559,0,1.6192,1.1951,1.6192,0.3596,0.6177,0.4851,-0.3824,161
2026-03-21T18:28:19.909559,1,0.1003,0.1003,0.0815,0.5891,0.5865,-0.1267,0.5726,10
2026-03-21T18:28:19.977047,0,1.5664,1.1977,1.5664,0.3613,0.6237,0.4815,-0.3964,159
2026-03-21T18:28:19.977047,1,0.0423,0.0423,0.0287,0.5574,0.5658,-0.1275,0.5513,5
2026-03-21T18:28:20.052381,0,1.5667,1.1973,1.5667,0.3627,0.6233,0.4814,-0.3960,159
2026-03-21T18:28:20.052381,1,0.0557,0.0441,0.0557,0.5466,0.5751,-0.1145,0.5636,6
2026-03-21T18:28:20.126504,0,1.5946,1.1963,1.5946,0.3633,0.6206,0.4832,-0.3894,160
2026-03-21T18:28:20.126504,1,0.0603,0.0443,0.0603,0.5379,0.5799,-0.1054,0.5702,6
2026-03-21T18:28:20.200985,0,1.5914,1.1947,1.5914,0.3613,0.6207,0.4834,-0.3894,160
2026-03-21T18:28:20.200985,1,0.0489,0.0489,0.0328,0.5382,0.5731,-0.1045,0.5635,6
2026-03-21T18:28:20.276119,0,1.5694,1.1923,1.5694,0.3607,0.6235,0.4817,-0.3959,159
2026-03-21T18:28:20.276119,1,0.0606,0.0606,0.0458,0.5460,0.5786,-0.1060,0.5688,6
2026-03-21T18:28:20.317418,0,1.6438,1.1932,1.6438,0.3585,0.6146,0.4867,-0.3753,162
2026-03-21T18:28:20.317418,1,0.0523,0.0523,0.0364,0.5312,0.5727,-0.0947,0.5649,6
2026-03-21T18:28:20.388657,0,1.0221,1.0221,0.1015,0.8360,0.8769,0.0907,-0.8722,64
2026-03-21T18:28:20.388657,1,1.4698,0.1702,1.4698,0.3583,0.7483,0.7452,-0.0676,96
2026-03-21T18:28:20.388657,2,0.0481,0.0481,0.0335,0.5264,0.5656,-0.0934,0.5578,6
2026-03-21T18:28:20.464205,0,1.5431,1.1960,1.5431,0.3609,0.6267,0.4799,-0.4031,158
2026-03-21T18:28:20.464205,1,0.0516,0.0516,0.0192,0.5278,0.5654,-0.0935,0.5576,6
2026-03-21T18:28:20.530000,0,1.6239,1.1950,1.6239,0.3595,0.6173,0.4849,-0.3819,161
2026-03-21T18:28:20.530000,1,0.0628,0.0628,0.0358,0.5307,0.5669,-0.0889,0.5599,7
2026-03-21T18:28:20.602107,0,1.6487,1.1923,1.6487,0.3603,0.6146,0.4865,-0.3755,162
2026-03-21T18:28:20.602107,1,0.0681,0.0681,0.0577,0.5345,0.5671,-0.0893,0.5600,7
2026-03-21T18:28:20.674380,0,1.5951,1.1988,1.5951,0.3611,0.6204,0.4832,-0.3891,160
2026-03-21T18:28:20.674380,1,0.0646,0.0646,0.0496,0.5318,0.5652,-0.0888,0.5582,7
2026-03-21T18:28:20.745912,0,1.0160,1.0160,0.1102,0.8347,0.8762,0.0906,-0.8715,64
2026-03-21T18:28:20.745912,1,1.4737,0.1840,1.4737,0.3610,0.7482,0.7458,-0.0595,97
2026-03-21T18:28:20.745912,2,0.0616,0.0616,0.0371,0.5295,0.5638,-0.0884,0.5568,7
2026-03-21T18:28:20.813429,0,1.5691,1.1906,1.5691,0.3577,0.6235,0.4816,-0.3960,159
2026-03-21T18:28:20.813429,1,0.0570,0.0549,0.0570,0.5249,0.5648,-0.0882,0.5579,7
2026-03-21T18:28:20.887183,0,1.5954,1.1945,1.5954,0.3616,0.6204,0.4833,-0.3890,160
2026-03-21T18:28:20.887183,1,0.0644,0.0547,0.0644,0.5258,0.5666,-0.0884,0.5597,7
2026-03-21T18:28:20.964800,0,1.6480,1.1962,1.6480,0.3594,0.6147,0.4868,-0.3753,162
2026-03-21T18:28:20.964800,1,0.0699,0.0699,0.0624,0.5467,0.5748,-0.1005,0.5659,7
2026-03-21T18:28:21.019030,0,1.5947,1.1975,1.5947,0.3619,0.6209,0.4835,-0.3895,160
2026-03-21T18:28:21.019030,1,0.0741,0.0718,0.0741,0.5449,0.5823,-0.0960,0.5743,8
2026-03-21T18:28:21.103858,0,1.5897,1.1954,1.5897,0.3612,0.6207,0.4832,-0.3896,160
2026-03-21T18:28:21.103858,1,0.0581,0.0581,0.0302,0.5373,0.5725,-0.0994,0.5638,7
2026-03-21T18:28:21.159925,0,1.5910,1.1939,1.5910,0.3597,0.6205,0.4832,-0.3892,160
2026-03-21T18:28:21.159925,1,0.0596,0.0596,0.0421,0.5397,0.5755,-0.0999,0.5668,7
2026-03-21T18:28:21.227105,0,1.1106,1.1106,0.2079,0.8333,0.8682,0.1514,-0.8549,72
2026-03-21T18:28:21.227105,1,1.4143,0.0595,1.4143,0.3644,0.7560,0.7560,-0.0007,89
2026-03-21T18:28:21.227105,2,0.0577,0.0577,0.0484,0.5384,0.5769,-0.1001,0.5682,7
2026-03-21T18:28:21.292316,0,1.6447,1.1907,1.6447,0.3578,0.6148,0.4870,-0.3753,162
2026-03-21T18:28:21.292316,1,0.0575,0.0575,0.0401,0.5379,0.5759,-0.0999,0.5672,7
2026-03-21T18:28:21.360474,0,1.5973,1.1932,1.5973,0.3581,0.6204,0.4832,-0.3891,160
2026-03-21T18:28:21.360474,1,0.0575,0.0575,0.0391,0.5375,0.5742,-0.0996,0.5655,7
2026-03-21T18:28:21.431381,0,1.0249,1.0249,0.0970,0.8351,0.8763,0.0908,-0.8715,64
2026-03-21T18:28:21.431381,1,1.4060,0.1792,1.4060,0.3599,0.7499,0.7452,-0.0836,94
2026-03-21T18:28:21.431381,2,0.0579,0.0579,0.0335,0.5375,0.5742,-0.0996,0.5655,7
2026-03-21T18:28:21.500354,0,1.5964,1.1948,1.5964,0.3588,0.6213,0.4838,-0.3898,160
2026-03-21T18:28:21.500354,1,0.0570,0.0570,0.0429,0.5377,0.5758,-0.0997,0.5671,7
2026-03-21T18:28:21.570345,0,1.5697,1.1955,1.5697,0.3595,0.6234,0.4814,-0.3961,159
2026-03-21T18:28:21.570345,1,0.0578,0.0578,0.0520,0.5391,0.5792,-0.1004,0.5704,7
2026-03-21T18:28:21.639877,0,1.5714,1.1960,1.5714,0.3596,0.6236,0.4817,-0.3961,159
2026-03-21T18:28:21.639877,1,0.0556,0.0556,0.0500,0.5368,0.5779,-0.1001,0.5692,7
2026-03-21T18:28:21.709707,0,1.6233,1.1955,1.6233,0.3586,0.6175,0.4848,-0.3825,161
2026-03-21T18:28:21.709707,1,0.0583,0.0555,0.0583,0.5382,0.5809,-0.1006,0.5721,7
2026-03-21T18:28:21.779094,0,1.6465,1.1921,1.6465,0.3574,0.6144,0.4865,-0.3751,162
2026-03-21T18:28:21.779094,1,0.0663,0.0560,0.0663,0.5397,0.5834,-0.1010,0.5745,7
2026-03-21T18:28:21.847895,0,1.6185,1.1899,1.6185,0.3575,0.6176,0.4850,-0.3823,161
2026-03-21T18:28:21.847895,1,0.0620,0.0569,0.0620,0.5404,0.5851,-0.1013,0.5762,7
2026-03-21T18:28:21.918528,0,1.5667,1.1950,1.5667,0.3608,0.6229,0.4857,-0.3900,157
2026-03-21T18:28:21.918528,1,0.0748,0.0748,0.0707,0.5589,0.5884,-0.1072,0.5785,8
2026-03-21T18:28:21.987523,0,1.5701,1.1939,1.5701,0.3601,0.6237,0.4817,-0.3962,159
2026-03-21T18:28:21.987523,1,0.0764,0.0764,0.0679,0.5599,0.5880,-0.1072,0.5782,8
2026-03-21T18:28:22.057595,0,1.6195,1.1971,1.6195,0.3576,0.6177,0.4851,-0.3824,161
2026-03-21T18:28:22.057595,1,0.0798,0.0798,0.0670,0.5609,0.5831,-0.1066,0.5733,8
2026-03-21T18:28:22.127064,0,1.6124,1.1919,1.6124,0.3594,0.6177,0.4850,-0.3825,161
2026-03-21T18:28:22.127064,1,0.0574,0.0574,0.0410,0.5368,0.5678,-0.0985,0.5592,7
2026-03-21T18:28:22.196650,0,1.5961,1.1978,1.5961,0.3618,0.6202,0.4829,-0.3892,160
2026-03-21T18:28:22.196650,1,0.0586,0.0586,0.0434,0.5375,0.5644,-0.0980,0.5558,7
2026-03-21T18:28:22.266753,0,1.5943,1.1966,1.5943,0.3589,0.6205,0.4830,-0.3896,160
2026-03-21T18:28:22.266753,1,0.0607,0.0607,0.0255,0.5384,0.5666,-0.0985,0.5580,7
2026-03-21T18:28:22.335930,0,1.5914,1.1973,1.5914,0.3613,0.6213,0.4840,-0.3895,160
2026-03-21T18:28:22.335930,1,0.0587,0.0587,0.0414,0.5370,0.5642,-0.0981,0.5556,7
2026-03-21T18:28:22.406279,0,1.6710,1.1965,1.6710,0.3605,0.6122,0.4889,-0.3684,163
2026-03-21T18:28:22.406279,1,0.0635,0.0635,0.0342,0.5413,0.5672,-0.0987,0.5586,7
2026-03-21T18:28:22.475665,0,1.5671,1.1995,1.5671,0.3609,0.6238,0.4817,-0.3963,159
2026-03-21T18:28:22.475665,1,0.0633,0.0633,0.0415,0.5409,0.5649,-0.0984,0.5563,7
2026-03-21T18:28:22.545352,0,1.5988,1.1899,1.5988,0.3570,0.6203,0.4831,-0.3891,160
2026-03-21T18:28:22.545352,1,0.0641,0.0641,0.0375,0.5415,0.5676,-0.0989,0.5590,7
2026-03-21T18:28:22.615180,0,1.5493,1.1989,1.5493,0.3616,0.6270,0.4800,-0.4033,158
2026-03-21T18:28:22.615180,1,0.0636,0.0636,0.0401,0.5413,0.5648,-0.0983,0.5562,7
2026-03-21T18:28:22.685333,0,1.5660,1.1960,1.5660,0.3618,0.6235,0.4815,-0.3961,159
2026-03-21T18:28:22.685333,1,0.0620,0.0620,0.0433,0.5406,0.5665,-0.0986,0.5579,7
2026-03-21T18:28:22.754488,0,1.6233,1.1925,1.6233,0.3583,0.6175,0.4849,-0.3823,161
2026-03-21T18:28:22.754488,1,0.0650,0.0650,0.0434,0.5420,0.5649,-0.0985,0.5563,7
2026-03-21T18:28:22.824347,0,1.5671,1.1934,1.5671,0.3592,0.6234,0.4815,-0.3960,159
2026-03-21T18:28:22.824347,1,0.0645,0.0645,0.0405,0.5409,0.5632,-0.0982,0.5546,7
2026-03-21T18:28:22.893447,0,1.5722,1.1896,1.5722,0.3572,0.6237,0.4816,-0.3963,159
2026-03-21T18:28:22.893447,1,0.0645,0.0645,0.0523,0.5411,0.5589,-0.0974,0.5504,7
2026-03-21T18:28:22.963566,0,1.0240,1.0240,0.0937,0.8325,0.8768,0.0910,-0.8720,64
2026-03-21T18:28:22.963566,1,1.3998,0.1799,1.3998,0.3594,0.7493,0.7446,-0.0843,94
2026-03-21T18:28:22.963566,2,0.0616,0.0616,0.0394,0.5395,0.5618,-0.0978,0.5532,7
2026-03-21T18:28:23.033139,0,1.5414,1.1933,1.5414,0.3586,0.6264,0.4797,-0.4029,158
2026-03-21T18:28:23.033139,1,0.0641,0.0641,0.0415,0.5402,0.5599,-0.0976,0.5514,7
2026-03-21T18:28:23.102396,0,1.5667,1.1940,1.5667,0.3594,0.6235,0.4815,-0.3961,159
2026-03-21T18:28:23.102396,1,0.0640,0.0640,0.0405,0.5400,0.5602,-0.0977,0.5516,7
2026-03-21T18:28:23.172916,0,1.5680,1.1938,1.5680,0.3609,0.6230,0.4811,-0.3958,159
2026-03-21T18:28:23.172916,1,0.0525,0.0525,0.0429,0.5276,0.5513,-0.0912,0.5437,6
2026-03-21T18:28:23.242500,0,1.5674,1.1899,1.5674,0.3566,0.6235,0.4815,-0.3962,159
2026-03-21T18:28:23.242500,1,0.0661,0.0661,0.0503,0.5413,0.5587,-0.0975,0.5501,7
2026-03-21T18:28:23.312180,0,1.6173,1.1948,1.6173,0.3601,0.6177,0.4853,-0.3822,161
2026-03-21T18:28:23.312180,1,0.0654,0.0654,0.0533,0.5415,0.5571,-0.0972,0.5485,7
2026-03-21T18:28:23.381704,0,1.5407,1.1954,1.5407,0.3594,0.6269,0.4801,-0.4031,158
2026-03-21T18:28:23.381704,1,0.0639,0.0639,0.0440,0.5409,0.5599,-0.0976,0.5514,7
2026-03-21T18:28:23.451898,0,1.5688,1.1968,1.5688,0.3599,0.6236,0.4815,-0.3962,159
2026-03-21T18:28:23.451898,1,0.0629,0.0629,0.0376,0.5402,0.5622,-0.0979,0.5536,7
2026-03-21T18:28:23.521235,0,1.5651,1.1955,1.5651,0.3595,0.6240,0.4822,-0.3960,159
2026-03-21T18:28:23.521235,1,0.0627,0.0627,0.0356,0.5395,0.5598,-0.0975,0.5512,7
2026-03-21T18:28:23.591157,0,1.6714,1.1934,1.6714,0.3588,0.6112,0.4928,-0.3616,161
2026-03-21T18:28:23.591157,1,0.0627,0.0627,0.0406,0.5395,0.5591,-0.0974,0.5505,7
2026-03-21T18:28:23.660791,0,1.5464,1.1955,1.5464,0.3617,0.6266,0.4799,-0.4030,158
2026-03-21T18:28:23.660791,1,0.0636,0.0636,0.0494,0.5404,0.5549,-0.0967,0.5465,7
2026-03-21T18:28:23.730377,0,1.5404,1.1909,1.5404,0.3597,0.6266,0.4800,-0.4028,158
2026-03-21T18:28:23.730377,1,0.0665,0.0665,0.0582,0.5418,0.5537,-0.0967,0.5452,7
2026-03-21T18:28:23.799944,0,1.5659,1.1966,1.5659,0.3624,0.6239,0.4818,-0.3963,159
2026-03-21T18:28:23.799944,1,0.0659,0.0659,0.0578,0.5415,0.5547,-0.0968,0.5461,7
2026-03-21T18:28:23.869573,0,1.6450,1.1985,1.6450,0.3634,0.6148,0.4869,-0.3754,162
2026-03-21T18:28:23.869573,1,0.0647,0.0647,0.0504,0.5404,0.5559,-0.0969,0.5474,7
2026-03-21T18:28:23.938996,0,1.5707,1.1969,1.5707,0.3605,0.6235,0.4815,-0.3961,159
2026-03-21T18:28:23.938996,1,0.0680,0.0680,0.0582,0.5420,0.5529,-0.0966,0.5444,7
2026-03-21T18:28:24.009865,0,1.5704,1.1951,1.5704,0.3601,0.6234,0.4813,-0.3961,159
2026-03-21T18:28:24.009865,1,0.0506,0.0506,0.0282,0.5245,0.5431,-0.0899,0.5356,6
2026-03-21T18:28:24.078363,0,1.5424,1.1978,1.5424,0.3618,0.6271,0.4801,-0.4034,158
2026-03-21T18:28:24.078363,1,0.0520,0.0520,0.0356,0.5270,0.5476,-0.0906,0.5400,6
2026-03-21T18:28:24.149103,0,1.5937,1.1947,1.5937,0.3592,0.6207,0.4835,-0.3892,160
2026-03-21T18:28:24.149103,1,0.0696,0.0696,0.0636,0.5447,0.5591,-0.0977,0.5505,7
2026-03-21T18:28:24.218720,0,1.5658,1.1945,1.5658,0.3585,0.6235,0.4815,-0.3961,159
2026-03-21T18:28:24.218720,1,0.0662,0.0662,0.0553,0.5413,0.5559,-0.0971,0.5474,7
2026-03-21T18:28:24.288313,0,1.5944,1.1919,1.5944,0.3586,0.6205,0.4832,-0.3893,160
2026-03-21T18:28:24.288313,1,0.0681,0.0681,0.0528,0.5429,0.5585,-0.0975,0.5499,7
2026-03-21T18:28:24.358201,0,1.0247,1.0247,0.0978,0.8355,0.8769,0.0909,-0.8721,64
2026-03-21T18:28:24.358201,1,1.5011,0.1811,1.5011,0.3599,0.7467,0.7449,-0.0512,98
2026-03-21T18:28:24.358201,2,0.0681,0.0681,0.0601,0.5431,0.5565,-0.0972,0.5480,7
2026-03-21T18:28:24.427449,0,1.5467,1.1982,1.5467,0.3626,0.6271,0.4804,-0.4032,158
2026-03-21T18:28:24.427449,1,0.0636,0.0636,0.0401,0.5400,0.5579,-0.0972,0.5494,7
2026-03-21T18:28:24.497094,0,1.5944,1.1942,1.5944,0.3591,0.6206,0.4835,-0.3892,160
2026-03-21T18:28:24.497094,1,0.0659,0.0659,0.0592,0.5420,0.5578,-0.0974,0.5492,7
2026-03-21T18:28:24.566870,0,1.5677,1.1926,1.5677,0.3610,0.6243,0.4821,-0.3967,159
2026-03-21T18:28:24.566870,1,0.0677,0.0677,0.0631,0.5431,0.5567,-0.0972,0.5481,7
2026-03-21T18:28:24.635837,0,1.6223,1.1964,1.6223,0.3604,0.6173,0.4848,-0.3822,161
2026-03-21T18:28:24.635837,1,0.0647,0.0647,0.0474,0.5402,0.5554,-0.0969,0.5469,7
2026-03-21T18:28:24.705934,0,1.6204,1.1962,1.6204,0.3611,0.6178,0.4851,-0.3826,161
2026-03-21T18:28:24.705934,1,0.0687,0.0687,0.0650,0.5438,0.5551,-0.0970,0.5465,7
2026-03-21T18:28:24.776006,0,1.5978,1.1971,1.5978,0.3602,0.6209,0.4835,-0.3895,160
2026-03-21T18:28:24.776006,1,0.0495,0.0495,0.0214,0.5226,0.5399,-0.0893,0.5325,6
2026-03-21T18:28:24.845395,0,1.5704,1.2003,1.5704,0.3621,0.6236,0.4815,-0.3963,159
2026-03-21T18:28:24.845395,1,0.0683,0.0568,0.0683,0.5262,0.5522,-0.0862,0.5455,7
2026-03-21T18:28:24.915976,0,1.5917,1.1916,1.5917,0.3578,0.6207,0.4832,-0.3895,160
2026-03-21T18:28:24.915976,1,0.0446,0.0446,0.0392,0.5459,0.5761,-0.1146,0.5646,6
2026-03-21T18:28:24.984209,0,1.5434,1.1977,1.5434,0.3613,0.6269,0.4801,-0.4031,158
2026-03-21T18:28:24.984209,1,0.0856,0.0358,0.0856,0.5991,0.6394,-0.1702,0.6163,6
2026-03-21T18:28:25.054269,0,1.5704,1.1951,1.5704,0.3596,0.6235,0.4814,-0.3962,159
2026-03-21T18:28:25.054269,1,0.0637,0.0637,0.0478,0.6830,0.7080,-0.2363,0.6674,6
2026-03-21T18:28:33.485573,0,1.5707,1.1931,1.5707,0.3607,0.6244,0.4824,-0.3965,159
2026-03-21T18:28:33.556007,0,1.5641,1.1949,1.5641,0.3602,0.6244,0.4820,-0.3969,159
2026-03-21T18:28:33.624885,0,1.6176,1.1980,1.6176,0.3611,0.6181,0.4854,-0.3826,161
2026-03-21T18:28:33.695839,0,1.5711,1.1951,1.5711,0.3596,0.6241,0.4822,-0.3962,159
2026-03-21T18:28:33.764953,0,1.6461,1.1975,1.6461,0.3619,0.6155,0.4875,-0.3758,162
2026-03-21T18:28:33.834621,0,1.5687,1.1927,1.5687,0.3594,0.6243,0.4823,-0.3964,159
2026-03-21T18:28:33.903935,0,1.5951,1.1967,1.5951,0.3629,0.6212,0.4839,-0.3896,160
2026-03-21T18:28:33.974091,0,1.5476,1.1910,1.5476,0.3603,0.6275,0.4808,-0.4033,158
2026-03-21T18:28:34.043375,0,1.5939,1.1921,1.5939,0.3610,0.6211,0.4837,-0.3895,160
2026-03-21T18:28:34.112626,0,1.5937,1.1922,1.5937,0.3593,0.6209,0.4838,-0.3892,160
2026-03-21T18:28:34.183839,0,1.5734,1.1973,1.5734,0.3596,0.6244,0.4824,-0.3964,159
2026-03-21T18:28:34.252892,0,1.6148,1.1971,1.6148,0.3611,0.6180,0.4855,-0.3825,161
2026-03-21T18:28:34.322797,0,1.5667,1.1944,1.5667,0.3597,0.6240,0.4820,-0.3963,159
2026-03-21T18:28:34.391410,0,1.5737,1.1962,1.5737,0.3598,0.6242,0.4821,-0.3965,159
2026-03-21T18:28:34.462177,0,1.5721,1.1963,1.5721,0.3621,0.6244,0.4822,-0.3966,159
2026-03-21T18:28:34.531029,0,1.5697,1.1966,1.5697,0.3589,0.6237,0.4819,-0.3960,159
2026-03-21T18:28:34.600880,0,1.6253,1.1958,1.6253,0.3611,0.6183,0.4858,-0.3825,161
2026-03-21T18:28:34.670486,0,1.5974,1.1934,1.5974,0.3605,0.6209,0.4839,-0.3892,160
2026-03-21T18:28:34.741097,0,1.1120,1.1120,0.2087,0.8333,0.8679,0.1514,-0.8546,72
2026-03-21T18:28:34.741097,1,1.3902,0.0562,1.3902,0.3611,0.7566,0.7565,-0.0086,88
2026-03-21T18:28:34.809768,0,1.5734,1.1930,1.5734,0.3579,0.6236,0.4818,-0.3959,159
2026-03-21T18:28:34.880203,0,1.5964,1.1956,1.5964,0.3588,0.6210,0.4838,-0.3894,160
2026-03-21T18:28:34.950109,0,1.0182,1.0182,0.1074,0.8351,0.8766,0.0906,-0.8719,64
2026-03-21T18:28:34.950109,1,1.4523,0.1824,1.4523,0.3594,0.7487,0.7456,-0.0675,96
2026-03-21T18:28:35.018817,0,1.5678,1.1921,1.5678,0.3578,0.6240,0.4820,-0.3963,159
2026-03-21T18:28:35.089230,0,1.5977,1.1958,1.5977,0.3611,0.6214,0.4839,-0.3899,160
2026-03-21T18:28:35.158930,0,1.5956,1.1950,1.5956,0.3595,0.6211,0.4837,-0.3897,160
2026-03-21T18:28:35.228802,0,1.5704,1.1960,1.5704,0.3613,0.6239,0.4819,-0.3963,159
2026-03-21T18:28:35.297552,0,1.5460,1.1957,1.5460,0.3601,0.6272,0.4805,-0.4032,158
2026-03-21T18:28:35.367621,0,1.5913,1.1962,1.5913,0.3619,0.6213,0.4839,-0.3897,160
2026-03-21T18:28:35.437038,0,1.5652,1.1938,1.5652,0.3596,0.6245,0.4824,-0.3967,159
2026-03-21T18:28:43.172096,0,0.1434,0.1434,0.1179,0.2991,0.5750,0.1810,0.5458,15
2026-03-21T18:28:43.242230,0,0.1333,0.1269,0.1333,0.3333,0.5465,0.1398,0.5283,17
2026-03-21T18:28:43.311730,0,0.1134,0.1134,0.0897,0.3489,0.5258,0.1170,0.5127,15
2026-03-21T18:28:43.381442,0,0.0981,0.0981,0.0633,0.3524,0.5137,0.1059,0.5026,13
2026-03-21T18:28:43.450601,0,0.1110,0.1110,0.0850,0.3594,0.5094,0.1005,0.4994,14
2026-03-21T18:28:43.519808,0,0.0960,0.0960,0.0512,0.3571,0.4887,0.1010,0.4782,13
2026-03-21T18:28:43.590235,0,0.1300,0.1300,0.0894,0.3608,0.4881,0.1048,0.4767,16
2026-03-21T18:28:43.659123,0,0.1292,0.1292,0.0992,0.3619,0.4692,0.1046,0.4574,17
2026-03-21T18:28:43.730008,0,0.1294,0.1294,0.0942,0.3632,0.4591,0.1064,0.4466,18
2026-03-21T18:28:43.799102,0,0.1269,0.1269,0.0673,0.3603,0.4471,0.1112,0.4330,18
2026-03-21T18:28:43.868675,0,0.1514,0.1514,0.0678,0.3596,0.4424,0.1177,0.4265,20
2026-03-21T18:28:43.938631,0,0.1390,0.1390,0.1035,0.3578,0.4366,0.1196,0.4198,21
2026-03-21T18:28:44.008019,0,0.1432,0.1432,0.0560,0.3544,0.4336,0.1265,0.4148,21
2026-03-21T18:28:44.077122,0,0.1717,0.1717,0.0688,0.3541,0.4336,0.1303,0.4135,22
2026-03-21T18:28:44.147878,0,0.1458,0.1458,0.0647,0.3506,0.4345,0.1201,0.4176,19
2026-03-21T18:28:44.216716,0,0.1303,0.1303,0.0288,0.3448,0.4284,0.1267,0.4093,17
2026-03-21T18:28:44.287461,0,0.1332,0.1332,0.0905,0.3245,0.4291,0.1386,0.4061,14
2026-03-21T18:28:44.356622,0,0.0800,0.0786,0.0800,0.3161,0.3949,0.1232,0.3752,9
2026-03-21T18:28:44.426033,0,0.0629,0.0547,0.0629,0.3071,0.3830,0.1189,0.3641,7
2026-03-21T18:28:44.495989,0,0.0543,0.0421,0.0543,0.3071,0.3785,0.1141,0.3609,6
2026-03-21T18:28:44.566071,0,0.0486,0.0402,0.0486,0.3066,0.3798,0.1144,0.3622,6
2026-03-21T18:28:44.635975,0,0.0637,0.0500,0.0637,0.3112,0.3765,0.1137,0.3589,6
2026-03-21T18:28:44.705199,0,0.0313,0.0233,0.0313,0.3092,0.3657,0.1068,0.3497,5
2026-03-21T18:28:44.774481,0,0.0692,0.0596,0.0692,0.3160,0.3829,0.1126,0.3660,7
2026-03-21T18:28:44.844663,0,0.1092,0.1092,0.1008,0.3184,0.4113,0.1327,0.3893,12
2026-03-21T18:28:44.914132,0,0.1236,0.1236,0.0801,0.3318,0.4049,0.1272,0.3844,15
2026-03-21T18:28:44.983434,0,0.1621,0.1621,0.0461,0.3428,0.4132,0.1437,0.3874,21
2026-03-21T18:28:45.054204,0,0.1588,0.1588,0.0932,0.3456,0.4062,0.1319,0.3841,22
2026-03-21T18:28:45.123086,0,0.1491,0.1491,0.1194,0.3444,0.4092,0.1393,0.3848,25
2026-03-21T18:28:45.193313,0,0.1591,0.1591,0.1172,0.3434,0.4079,0.1347,0.3851,24
2026-03-21T18:28:45.263318,0,0.1397,0.1397,0.1188,0.3448,0.4056,0.1271,0.3852,22
2026-03-21T18:28:45.332367,0,0.1522,0.1522,0.1214,0.3442,0.4034,0.1265,0.3831,22
2026-03-21T18:28:45.401836,0,0.1232,0.1170,0.1232,0.3445,0.3982,0.1210,0.3794,21
2026-03-21T18:28:45.472386,0,0.1219,0.1075,0.1219,0.3453,0.3968,0.1204,0.3781,21
2026-03-21T18:28:45.541808,0,0.1239,0.1239,0.1188,0.3455,0.3908,0.1219,0.3713,22
2026-03-21T18:28:45.611376,0,0.1413,0.1123,0.1413,0.3484,0.3861,0.1201,0.3669,22
2026-03-21T18:28:45.680550,0,0.1308,0.1308,0.1020,0.3440,0.3831,0.1259,0.3618,22
2026-03-21T18:28:45.750981,0,0.1555,0.1261,0.1555,0.3444,0.3836,0.1222,0.3636,23
2026-03-21T18:28:45.820530,0,0.1456,0.1174,0.1456,0.3446,0.3803,0.1211,0.3606,23
2026-03-21T18:28:45.889969,0,0.1458,0.1129,0.1458,0.3452,0.3756,0.1195,0.3560,23
2026-03-21T18:28:45.959920,0,0.1423,0.1423,0.1361,0.3477,0.3720,0.1216,0.3515,24
2026-03-21T18:28:46.029324,0,0.1145,0.1145,0.1125,0.3523,0.3591,0.1145,0.3403,23
2026-03-21T18:28:46.098615,0,0.1347,0.1159,0.1347,0.3567,0.3513,0.1086,0.3341,24
2026-03-21T18:28:46.168435,0,0.1388,0.1251,0.1388,0.3649,0.3371,0.1042,0.3206,26
2026-03-21T18:28:46.238312,0,0.1345,0.1311,0.1345,0.3735,0.3215,0.0993,0.3058,28
2026-03-21T18:28:46.308200,0,0.1433,0.1433,0.0986,0.3785,0.3060,0.0976,0.2900,29
2026-03-21T18:28:46.378515,0,0.1469,0.1469,0.1053,0.3830,0.3044,0.0947,0.2893,30
2026-03-21T18:28:46.447005,0,0.1252,0.1252,0.1020,0.3849,0.2953,0.0840,0.2831,26
2026-03-21T18:28:46.517051,0,0.1611,0.1611,0.1023,0.3842,0.2863,0.0902,0.2717,28
2026-03-21T18:28:46.587269,0,0.1581,0.1448,0.1581,0.3832,0.2883,0.0906,0.2737,30
2026-03-21T18:28:46.657075,0,0.1213,0.1213,0.1079,0.3787,0.2820,0.0926,0.2664,25
2026-03-21T18:28:46.726416,0,0.1392,0.1392,0.1278,0.3766,0.2869,0.0964,0.2702,26
2026-03-21T18:28:46.796237,0,0.1337,0.1337,0.0975,0.3746,0.2882,0.1005,0.2701,26
2026-03-21T18:28:46.865806,0,0.1279,0.1242,0.1279,0.3760,0.2876,0.0978,0.2705,25
2026-03-21T18:28:46.935358,0,0.1378,0.1314,0.1378,0.3786,0.3027,0.0956,0.2872,27
2026-03-21T18:28:47.005106,0,0.1595,0.1595,0.0966,0.3812,0.3293,0.0955,0.3151,27
2026-03-21T18:28:47.074043,0,0.1545,0.1545,0.0770,0.3748,0.3526,0.1086,0.3355,27
2026-03-21T18:28:47.144437,0,0.1773,0.1773,0.0956,0.3711,0.3822,0.1153,0.3644,26
2026-03-21T18:28:47.213362,0,0.1707,0.1707,0.0411,0.3657,0.4140,0.1216,0.3957,23
2026-03-21T18:28:47.284203,0,0.1529,0.1529,0.0362,0.3612,0.4379,0.1212,0.4208,21
2026-03-21T18:28:47.353033,0,0.1569,0.1569,0.0281,0.3608,0.4608,0.1238,0.4439,20
2026-03-21T18:28:47.423091,0,0.1556,0.1556,0.0359,0.3595,0.4795,0.1249,0.4630,19
2026-03-21T18:28:47.492642,0,0.1659,0.1659,0.0170,0.3572,0.4991,0.1302,0.4819,19
2026-03-21T18:28:47.561725,0,0.1836,0.1836,0.0430,0.3533,0.5203,0.1360,0.5023,19
2026-03-21T18:28:47.631286,0,0.1658,0.1658,0.0274,0.3507,0.5385,0.1359,0.5211,18
2026-03-21T18:28:47.701118,0,0.1654,0.1654,0.0270,0.3425,0.5603,0.1464,0.5408,17
2026-03-21T18:28:47.770638,0,0.1765,0.1765,0.0347,0.3403,0.5833,0.1526,0.5630,17
2026-03-21T18:28:47.840841,0,0.1635,0.1635,0.0367,0.3381,0.6000,0.1516,0.5805,16
2026-03-21T18:28:47.910499,0,0.1699,0.1699,0.0383,0.3374,0.6099,0.1542,0.5901,16
2026-03-21T18:28:47.980122,0,0.1684,0.1684,0.0328,0.3344,0.6149,0.1553,0.5950,16
2026-03-21T18:28:48.050469,0,0.1993,0.1993,0.0711,0.3307,0.6259,0.1638,0.6041,17
2026-03-21T18:28:48.119742,0,0.1680,0.1680,0.0435,0.3254,0.6262,0.1636,0.6045,15
2026-03-21T18:28:48.189395,0,0.1819,0.1819,0.0602,0.3232,0.6379,0.1667,0.6157,15
2026-03-21T18:28:48.258973,0,0.1611,0.1611,0.0344,0.3204,0.6490,0.1636,0.6280,14
2026-03-21T18:28:48.329008,0,0.1745,0.1745,0.0585,0.3194,0.6660,0.1683,0.6444,14
2026-03-21T18:28:48.398156,0,0.1614,0.1614,0.0581,0.3190,0.6852,0.1672,0.6645,13
2026-03-21T18:28:48.468513,0,0.1668,0.1668,0.0470,0.3111,0.7144,0.1740,0.6929,13
2026-03-21T18:28:48.537122,0,0.1044,0.1044,0.0510,0.2622,0.7607,0.1972,0.7347,9
2026-03-21T18:28:48.608159,0,0.0723,0.0723,0.0500,0.2626,0.7867,0.1879,0.7639,5
2026-03-21T18:28:50.141413,0,0.0591,0.0467,0.0591,0.5136,0.6572,-0.0801,0.6523,5
2026-03-21T18:28:50.280451,0,0.0492,0.0492,0.0426,0.5503,0.6076,-0.1163,0.5964,5
2026-03-21T18:28:50.349739,0,0.0819,0.0468,0.0819,0.5345,0.6086,-0.1000,0.6003,6
2026-03-21T18:28:50.419450,0,0.0494,0.0363,0.0494,0.5183,0.5828,-0.0910,0.5757,5
2026-03-21T18:28:50.488775,0,0.0497,0.0457,0.0497,0.5231,0.5748,-0.0902,0.5677,5
2026-03-21T18:28:50.627762,0,0.0413,0.0413,0.0344,0.5088,0.5648,-0.0787,0.5593,5
2026-03-21T18:28:50.698289,0,0.0442,0.0363,0.0442,0.4959,0.5708,-0.0693,0.5666,5
2026-03-21T18:28:50.767225,0,0.0428,0.0428,0.0328,0.5010,0.5790,-0.0707,0.5747,5
2026-03-21T18:28:50.836988,0,0.0603,0.0562,0.0603,0.5064,0.5927,-0.0673,0.5889,6
2026-03-21T18:28:50.907334,0,0.0395,0.0395,0.0278,0.4885,0.5820,-0.0607,0.5788,5
2026-03-21T18:28:50.976920,0,0.0394,0.0394,0.0387,0.4891,0.5856,-0.0611,0.5824,5
2026-03-21T18:28:51.046610,0,0.0394,0.0394,0.0297,0.4892,0.5906,-0.0616,0.5874,5
2026-03-21T18:28:51.116397,0,0.0389,0.0389,0.0317,0.4889,0.5914,-0.0617,0.5882,5
2026-03-21T18:28:51.185795,0,0.0405,0.0405,0.0267,0.4902,0.5930,-0.0619,0.5898,5
2026-03-21T18:28:51.255330,0,0.0612,0.0586,0.0612,0.5081,0.6012,-0.0684,0.5973,6
2026-03-21T18:28:51.325148,0,0.0537,0.0537,0.0417,0.5039,0.5959,-0.0676,0.5921,6
2026-03-21T18:28:51.394432,0,0.0521,0.0521,0.0367,0.5022,0.5932,-0.0671,0.5894,6
2026-03-21T18:28:51.466761,0,0.0618,0.0478,0.0618,0.4995,0.5962,-0.0671,0.5924,6
2026-03-21T18:28:51.534150,0,0.0554,0.0554,0.0362,0.5149,0.5932,-0.0776,0.5881,6
2026-03-21T18:28:51.604004,0,0.0510,0.0510,0.0409,0.5118,0.5904,-0.0770,0.5854,6
2026-03-21T18:28:51.673096,0,0.0512,0.0512,0.0439,0.5109,0.5829,-0.0761,0.5779,6
2026-03-21T18:28:51.743260,0,0.0517,0.0517,0.0322,0.5106,0.5786,-0.0756,0.5736,6
2026-03-21T18:28:51.813392,0,0.0676,0.0639,0.0676,0.5144,0.5829,-0.0711,0.5786,7
2026-03-21T18:28:51.882558,0,0.0497,0.0462,0.0497,0.4955,0.5699,-0.0643,0.5663,6
2026-03-21T18:28:51.952314,0,0.0470,0.0470,0.0446,0.4959,0.5692,-0.0642,0.5656,6
2026-03-21T18:28:52.022322,0,0.0517,0.0467,0.0517,0.4961,0.5707,-0.0644,0.5671,6
2026-03-21T18:28:52.091292,0,0.0546,0.0471,0.0546,0.4967,0.5707,-0.0644,0.5671,6
2026-03-21T18:28:52.161158,0,0.0534,0.0452,0.0534,0.4949,0.5704,-0.0642,0.5668,6
2026-03-21T18:28:52.231573,0,0.0650,0.0650,0.0587,0.5142,0.5732,-0.0700,0.5689,7
2026-03-21T18:28:52.300550,0,0.0645,0.0639,0.0645,0.5133,0.5689,-0.0695,0.5647,7
2026-03-21T18:28:52.370928,0,0.0617,0.0617,0.0616,0.5109,0.5656,-0.0690,0.5614,7
2026-03-21T18:28:52.439833,0,0.0535,0.0535,0.0441,0.5099,0.5589,-0.0733,0.5541,6
2026-03-21T18:28:52.509373,0,0.0514,0.0514,0.0339,0.5095,0.5682,-0.0743,0.5634,6
2026-03-21T18:28:52.579695,0,0.0522,0.0522,0.0310,0.5113,0.5802,-0.0758,0.5753,6
2026-03-21T18:28:52.649271,0,0.0587,0.0464,0.0587,0.4972,0.5852,-0.0659,0.5815,6
2026-03-21T18:28:52.718565,0,0.0541,0.0541,0.0308,0.5036,0.5936,-0.0673,0.5897,6
2026-03-21T18:28:52.788733,0,0.0703,0.0653,0.0703,0.5061,0.6019,-0.0628,0.5986,7
2026-03-21T18:28:52.858140,0,0.0585,0.0585,0.0553,0.5069,0.5959,-0.0679,0.5920,6
2026-03-21T18:28:52.928198,0,0.0672,0.0672,0.0545,0.5075,0.6025,-0.0630,0.5992,7
2026-03-21T18:28:52.997710,0,0.0658,0.0658,0.0654,0.5064,0.5975,-0.0624,0.5942,7
2026-03-21T18:28:53.067125,0,0.0613,0.0488,0.0613,0.4892,0.5909,-0.0563,0.5882,6
2026-03-21T18:28:53.137388,0,0.0661,0.0661,0.0593,0.5066,0.5995,-0.0626,0.5962,7
2026-03-21T18:28:53.206851,0,0.0665,0.0665,0.0553,0.5064,0.5983,-0.0626,0.5951,7
2026-03-21T18:28:53.276266,0,0.0661,0.0661,0.0483,0.5061,0.6013,-0.0629,0.5980,7
2026-03-21T18:28:53.346547,0,0.0632,0.0632,0.0603,0.5039,0.6002,-0.0626,0.5969,7
2026-03-21T18:28:53.415537,0,0.0643,0.0623,0.0643,0.5031,0.6006,-0.0625,0.5974,7
2026-03-21T18:28:53.484204,0,0.0530,0.0530,0.0219,0.5022,0.5932,-0.0672,0.5894,6
2026-03-21T18:28:53.555131,0,0.0620,0.0620,0.0615,0.5028,0.6019,-0.0626,0.5986,7
2026-03-21T18:28:53.624335,0,0.0713,0.0611,0.0713,0.5020,0.5993,-0.0623,0.5961,7
2026-03-21T18:28:53.694872,0,0.0623,0.0623,0.0593,0.5030,0.6023,-0.0628,0.5991,7
2026-03-21T18:28:53.763868,0,0.0634,0.0634,0.0613,0.5042,0.6025,-0.0628,0.5992,7
2026-03-21T18:28:53.833885,0,0.0693,0.0612,0.0693,0.5020,0.5991,-0.0623,0.5958,7
2026-03-21T18:28:53.903353,0,0.0613,0.0613,0.0613,0.5022,0.6019,-0.0626,0.5986,7
2026-03-21T18:28:53.973292,0,0.0733,0.0604,0.0733,0.5016,0.5998,-0.0623,0.5965,7
2026-03-21T18:28:54.043032,0,0.0703,0.0605,0.0703,0.5016,0.5999,-0.0623,0.5967,7
2026-03-21T18:28:54.112619,0,0.0673,0.0627,0.0673,0.5035,0.6042,-0.0629,0.6009,7
2026-03-21T18:28:54.181957,0,0.0627,0.0627,0.0623,0.5035,0.6041,-0.0629,0.6008,7
2026-03-21T18:28:54.251445,0,0.0733,0.0627,0.0733,0.5039,0.6038,-0.0628,0.6005,7
2026-03-21T18:28:54.321545,0,0.0641,0.0641,0.0584,0.5045,0.6016,-0.0627,0.5983,7
2026-03-21T18:28:54.391346,0,0.0673,0.0650,0.0673,0.5056,0.6018,-0.0629,0.5985,7
2026-03-21T18:28:54.461135,0,0.0663,0.0625,0.0663,0.5033,0.6005,-0.0625,0.5972,7
2026-03-21T18:28:54.530533,0,0.0783,0.0614,0.0783,0.5028,0.6045,-0.0628,0.6012,7
2026-03-21T18:28:54.600317,0,0.0509,0.0509,0.0438,0.5016,0.5936,-0.0670,0.5898,6
2026-03-21T18:28:54.670276,0,0.0525,0.0525,0.0367,0.5027,0.5957,-0.0675,0.5919,6
2026-03-21T18:28:54.739234,0,0.0495,0.0495,0.0337,0.4995,0.5912,-0.0668,0.5874,6
2026-03-21T18:28:54.809334,0,0.0525,0.0525,0.0257,0.5017,0.5897,-0.0668,0.5859,6
2026-03-21T18:28:54.879566,0,0.0508,0.0508,0.0268,0.5000,0.5867,-0.0664,0.5830,6
2026-03-21T18:28:54.948577,0,0.0492,0.0492,0.0388,0.4992,0.5887,-0.0665,0.5850,6
2026-03-21T18:28:55.017857,0,0.0501,0.0501,0.0397,0.5000,0.5917,-0.0669,0.5879,6
2026-03-21T18:28:55.088307,0,0.0508,0.0508,0.0317,0.5005,0.5907,-0.0669,0.5869,6
2026-03-21T18:28:55.157738,0,0.0526,0.0526,0.0347,0.5024,0.5919,-0.0670,0.5881,6
2026-03-21T18:28:55.227618,0,0.0549,0.0549,0.0375,0.5044,0.5961,-0.0677,0.5922,6
2026-03-21T18:28:55.297297,0,0.0723,0.0630,0.0723,0.5045,0.6059,-0.0631,0.6026,7
2026-03-21T18:28:55.367175,0,0.0585,0.0489,0.0585,0.4895,0.5971,-0.0568,0.5944,6
2026-03-21T18:28:55.436689,0,0.0518,0.0483,0.0518,0.4887,0.5946,-0.0566,0.5919,6
2026-03-21T18:28:55.506013,0,0.0518,0.0478,0.0518,0.4878,0.5894,-0.0562,0.5867,6
2026-03-21T18:28:55.576315,0,0.0533,0.0489,0.0533,0.4889,0.5899,-0.0562,0.5872,6
2026-03-21T18:28:55.646110,0,0.0538,0.0481,0.0538,0.4884,0.5932,-0.0565,0.5905,6
2026-03-21T18:28:55.714938,0,0.0487,0.0487,0.0473,0.4885,0.5901,-0.0563,0.5874,6
2026-03-21T18:28:55.785673,0,0.0495,0.0495,0.0473,0.4894,0.5904,-0.0564,0.5877,6
2026-03-21T18:28:55.854095,0,0.0548,0.0477,0.0548,0.4878,0.5902,-0.0563,0.5875,6
2026-03-21T18:28:55.924982,0,0.0493,0.0493,0.0483,0.4892,0.5921,-0.0565,0.5894,6
2026-03-21T18:28:55.994045,0,0.0495,0.0495,0.0443,0.4892,0.5902,-0.0564,0.5875,6
2026-03-21T18:28:56.063794,0,0.0515,0.0515,0.0373,0.4910,0.5926,-0.0567,0.5898,6
2026-03-21T18:28:56.133446,0,0.0533,0.0533,0.0384,0.4928,0.5959,-0.0571,0.5932,6
2026-03-21T18:28:56.203269,0,0.0532,0.0532,0.0294,0.4924,0.5956,-0.0571,0.5928,6
2026-03-21T18:28:56.272421,0,0.0512,0.0512,0.0423,0.4908,0.5906,-0.0565,0.5879,6
2026-03-21T18:28:56.342978,0,0.0516,0.0516,0.0403,0.4910,0.5922,-0.0567,0.5895,6
2026-03-21T18:28:56.412244,0,0.0718,0.0625,0.0718,0.4924,0.6011,-0.0520,0.5988,7
2026-03-21T18:28:56.481894,0,0.0728,0.0641,0.0728,0.4937,0.5989,-0.0520,0.5966,7
2026-03-21T18:28:56.551906,0,0.0688,0.0651,0.0688,0.4948,0.6002,-0.0522,0.5979,7
2026-03-21T18:28:56.620940,0,0.0658,0.0634,0.0658,0.4930,0.5981,-0.0518,0.5958,7
2026-03-21T18:28:56.691431,0,0.0648,0.0648,0.0588,0.4941,0.5998,-0.0522,0.5975,7
2026-03-21T18:28:56.761118,0,0.0630,0.0630,0.0608,0.4926,0.5976,-0.0519,0.5954,7
2026-03-21T18:28:56.830377,0,0.0728,0.0621,0.0728,0.4920,0.5993,-0.0519,0.5971,7
2026-03-21T18:28:56.899753,0,0.0638,0.0638,0.0638,0.4933,0.5979,-0.0519,0.5957,7
2026-03-21T18:28:56.970004,0,0.0649,0.0649,0.0638,0.4944,0.5989,-0.0521,0.5966,7
2026-03-21T18:28:57.039223,0,0.0641,0.0641,0.0638,0.4937,0.5979,-0.0519,0.5957,7
2026-03-21T18:28:57.109395,0,0.0641,0.0641,0.0558,0.4933,0.5959,-0.0518,0.5937,7
2026-03-21T18:28:57.178196,0,0.0658,0.0621,0.0658,0.4917,0.5991,-0.0519,0.5968,7
2026-03-21T18:28:57.248538,0,0.0688,0.0620,0.0688,0.4916,0.5991,-0.0518,0.5968,7
2026-03-21T18:28:57.318739,0,0.0708,0.0623,0.0708,0.4920,0.5988,-0.0518,0.5965,7
2026-03-21T18:28:57.387707,0,0.0808,0.0619,0.0808,0.4919,0.5991,-0.0518,0.5968,7
2026-03-21T18:28:57.458651,0,0.0510,0.0510,0.0493,0.4906,0.5904,-0.0564,0.5877,6
2026-03-21T18:28:57.527451,0,0.0489,0.0489,0.0393,0.4881,0.5877,-0.0561,0.5851,6
2026-03-21T18:28:57.596095,0,0.0798,0.0607,0.0798,0.4908,0.6001,-0.0518,0.5978,7
2026-03-21T18:28:57.666872,0,0.0769,0.0604,0.0769,0.4903,0.5993,-0.0516,0.5971,7
2026-03-21T18:28:57.736935,0,0.0758,0.0602,0.0758,0.4902,0.5986,-0.0516,0.5964,7
2026-03-21T18:28:57.805710,0,0.0867,0.0609,0.0867,0.4910,0.5988,-0.0516,0.5965,7
2026-03-21T18:28:57.875864,0,0.0718,0.0606,0.0718,0.4903,0.5978,-0.0516,0.5955,7
2026-03-21T18:28:57.945051,0,0.0838,0.0615,0.0838,0.4916,0.6002,-0.0518,0.5980,7
2026-03-21T18:28:58.015289,0,0.0678,0.0597,0.0678,0.4895,0.5973,-0.0515,0.5951,7
2026-03-21T18:28:58.084622,0,0.0808,0.0590,0.0808,0.4892,0.6002,-0.0516,0.5980,7
2026-03-21T18:28:58.154535,0,0.0491,0.0491,0.0394,0.4885,0.5901,-0.0563,0.5874,6
2026-03-21T18:28:58.224309,0,0.0494,0.0494,0.0323,0.4887,0.5906,-0.0564,0.5879,6
2026-03-21T18:28:58.294449,0,0.0487,0.0487,0.0403,0.4881,0.5894,-0.0562,0.5867,6
2026-03-21T18:28:58.363465,0,0.0868,0.0584,0.0868,0.4889,0.6023,-0.0517,0.6001,7
2026-03-21T18:28:58.433791,0,0.0908,0.0600,0.0908,0.4905,0.6028,-0.0518,0.6005,7
2026-03-21T18:28:58.502177,0,0.0517,0.0517,0.0394,0.4912,0.5911,-0.0565,0.5884,6
2026-03-21T18:28:58.572352,0,0.0518,0.0518,0.0514,0.4917,0.5937,-0.0567,0.5910,6
2026-03-21T18:28:58.642582,0,0.0491,0.0491,0.0423,0.4888,0.5897,-0.0562,0.5870,6
2026-03-21T18:28:58.712268,0,0.0518,0.0518,0.0423,0.4916,0.5951,-0.0569,0.5923,6
2026-03-21T18:28:58.781892,0,0.0491,0.0491,0.0394,0.4887,0.5906,-0.0564,0.5879,6
2026-03-21T18:28:58.851521,0,0.0519,0.0519,0.0334,0.4913,0.5924,-0.0567,0.5897,6
2026-03-21T18:28:58.921523,0,0.0523,0.0523,0.0423,0.4919,0.5931,-0.0568,0.5903,6
2026-03-21T18:28:58.990421,0,0.0525,0.0525,0.0414,0.4923,0.5964,-0.0571,0.5937,6
2026-03-21T18:28:59.060498,0,0.0718,0.0635,0.0718,0.4933,0.6009,-0.0521,0.5986,7
2026-03-21T18:28:59.130184,0,0.0688,0.0632,0.0688,0.4928,0.5983,-0.0519,0.5961,7
2026-03-21T18:28:59.200108,0,0.0728,0.0619,0.0728,0.4919,0.6035,-0.0522,0.6012,7
2026-03-21T18:28:59.269485,0,0.0778,0.0609,0.0778,0.4910,0.6025,-0.0520,0.6002,7
2026-03-21T18:28:59.339575,0,0.0768,0.0622,0.0768,0.4923,0.6025,-0.0521,0.6002,7
2026-03-21T18:28:59.413353,0,0.0748,0.0623,0.0748,0.0850,0.6008,-0.0520,0.5985,7
2026-03-21T18:28:59.478525,0,0.0718,0.0628,0.0718,0.0855,0.6011,-0.0521,0.5988,7
2026-03-21T18:28:59.549033,0,0.0868,0.0610,0.0868,0.0841,0.6021,-0.0519,0.5998,7
2026-03-21T18:28:59.617786,0,0.0491,0.0491,0.0473,0.0817,0.5906,-0.0563,0.5879,6
2026-03-21T18:28:59.687954,0,0.0838,0.0617,0.0838,0.0848,0.6055,-0.0523,0.6032,7
2026-03-21T18:28:59.757620,0,0.0486,0.0486,0.0443,0.0811,0.5889,-0.0562,0.5862,6
2026-03-21T18:28:59.827463,0,0.0491,0.0491,0.0473,0.0814,0.5901,-0.0563,0.5874,6
2026-03-21T18:28:59.896710,0,0.0543,0.0482,0.0543,0.0811,0.5936,-0.0565,0.5909,6
2026-03-21T18:28:59.966893,0,0.0553,0.0501,0.0553,0.0828,0.5937,-0.0566,0.5910,6
2026-03-21T18:29:00.035811,0,0.0515,0.0515,0.0413,0.1629,0.5962,-0.0570,0.5935,6
2026-03-21T18:29:00.105802,0,0.0848,0.0605,0.0848,0.1625,0.6049,-0.0521,0.6027,7
2026-03-21T18:29:00.175184,0,0.0877,0.0614,0.0877,0.1633,0.6022,-0.0519,0.5999,7
2026-03-21T18:29:00.245392,0,0.0517,0.0517,0.0443,0.1629,0.5907,-0.0566,0.5880,6
2026-03-21T18:29:00.314974,0,0.0678,0.0617,0.0678,0.1630,0.6006,-0.0519,0.5984,7
2026-03-21T18:29:00.384218,0,0.0678,0.0628,0.0678,0.1640,0.6001,-0.0520,0.5978,7
2026-03-21T18:29:00.454622,0,0.0828,0.0614,0.0828,0.1632,0.6012,-0.0519,0.5989,7
2026-03-21T18:29:00.524386,0,0.0768,0.0611,0.0768,0.1626,0.5999,-0.0517,0.5977,7
2026-03-21T18:29:00.593341,0,0.0828,0.0606,0.0828,0.1623,0.6003,-0.0518,0.5981,7
2026-03-21T18:29:00.663547,0,0.0708,0.0626,0.0708,0.1642,0.6033,-0.0522,0.6011,7
2026-03-21T18:29:00.732751,0,0.0523,0.0523,0.0433,0.1636,0.5937,-0.0568,0.5910,6
2026-03-21T18:29:00.802505,0,0.0788,0.0615,0.0788,0.1632,0.6009,-0.0519,0.5987,7
2026-03-21T18:29:00.872538,0,0.0485,0.0485,0.0478,0.1601,0.5947,-0.0566,0.5920,6
2026-03-21T18:29:00.941264,0,0.0628,0.0477,0.0628,0.1601,0.6021,-0.0572,0.5993,6
2026-03-21T18:29:01.011483,0,0.0729,0.0658,0.0729,0.1793,0.6183,-0.0643,0.6150,7
2026-03-21T18:29:01.081659,0,0.0864,0.0489,0.0864,0.1640,0.6332,-0.0599,0.6304,6
2026-03-21T18:29:01.150200,0,0.0635,0.0547,0.0635,0.1704,0.6594,-0.0628,0.6564,6
2026-03-21T18:29:01.220691,0,0.0500,0.0442,0.0500,0.1605,0.6844,-0.0593,0.6818,5
2026-03-21T18:29:01.290392,0,0.0520,0.0520,0.0302,0.1690,0.7204,-0.0629,0.7176,5
2026-03-21T18:29:01.360066,0,0.0564,0.0564,0.0489,0.1746,0.7502,-0.0656,0.7473,5
2026-03-21T18:29:01.916950,0,0.0565,0.0565,0.0357,0.1616,0.7656,-0.0537,0.7637,5
2026-03-21T18:29:01.986469,0,0.0558,0.0558,0.0487,0.1601,0.7434,-0.0522,0.7415,5
2026-03-21T18:29:03.729855,0,0.1178,0.0636,0.1178,0.1782,0.6149,-0.0682,0.6111,8
2026-03-21T18:29:03.798677,0,0.0761,0.0605,0.0761,0.2259,0.5849,-0.1116,0.5742,7
2026-03-21T18:29:03.869107,0,0.0391,0.0391,0.0142,0.2050,0.5544,-0.1058,0.5442,5
2026-03-21T18:29:03.938218,0,0.0822,0.0408,0.0822,0.1838,0.5617,-0.0824,0.5557,6
2026-03-21T18:29:04.008417,0,0.0640,0.0443,0.0640,0.1752,0.5549,-0.0721,0.5502,6
2026-03-21T18:29:04.077470,0,0.0535,0.0446,0.0535,0.1641,0.5448,-0.0614,0.5413,6
2026-03-21T18:29:04.147101,0,0.0530,0.0530,0.0518,0.1696,0.5449,-0.0621,0.5414,6
2026-03-21T18:29:04.216253,0,0.0397,0.0397,0.0216,0.1555,0.5344,-0.0560,0.5315,5
2026-03-21T18:29:04.287218,0,0.0381,0.0381,0.0087,0.1541,0.5334,-0.0558,0.5305,5
2026-03-21T18:29:04.355965,0,0.0576,0.0544,0.0576,0.1708,0.5449,-0.0622,0.5414,6
2026-03-21T18:29:04.426263,0,0.0516,0.0516,0.0408,0.1683,0.5434,-0.0618,0.5399,6
2026-03-21T18:29:04.495251,0,0.0524,0.0524,0.0449,0.1691,0.5441,-0.0620,0.5405,6
2026-03-21T18:29:04.565138,0,0.0641,0.0594,0.0641,0.1691,0.5494,-0.0574,0.5464,7
2026-03-21T18:29:04.634670,0,0.0712,0.0592,0.0712,0.1693,0.5525,-0.0577,0.5495,7
2026-03-21T18:29:04.704315,0,0.0531,0.0531,0.0487,0.1696,0.5443,-0.0620,0.5407,6
2026-03-21T18:29:04.773757,0,0.0513,0.0513,0.0428,0.1686,0.5453,-0.0620,0.5417,6
2026-03-21T18:29:04.844726,0,0.0496,0.0496,0.0271,0.1669,0.5439,-0.0617,0.5404,6
2026-03-21T18:29:04.913526,0,0.0457,0.0457,0.0196,0.1628,0.5379,-0.0608,0.5345,6
2026-03-21T18:29:04.982977,0,0.0489,0.0489,0.0296,0.1664,0.5414,-0.0614,0.5379,6
2026-03-21T18:29:05.053311,0,0.0841,0.0535,0.0841,0.1643,0.5509,-0.0570,0.5480,7
2026-03-21T18:29:05.123262,0,0.0493,0.0493,0.0330,0.1668,0.5423,-0.0616,0.5387,6
2026-03-21T18:29:05.192013,0,0.0447,0.0447,0.0326,0.1628,0.5413,-0.0612,0.5378,6
2026-03-21T18:29:05.261626,0,0.0470,0.0470,0.0307,0.1647,0.5396,-0.0611,0.5361,6
2026-03-21T18:29:05.332265,0,0.0461,0.0461,0.0415,0.1643,0.5414,-0.0612,0.5380,6
2026-03-21T18:29:05.402046,0,0.0463,0.0463,0.0445,0.1647,0.5428,-0.0614,0.5393,6
2026-03-21T18:29:05.471734,0,0.0463,0.0463,0.0386,0.1646,0.5429,-0.0614,0.5394,6
2026-03-21T18:29:05.541539,0,0.0801,0.0542,0.0801,0.1649,0.5525,-0.0572,0.5495,7
2026-03-21T18:29:05.611157,0,0.0791,0.0536,0.0791,0.1643,0.5514,-0.0571,0.5484,7
2026-03-21T18:29:05.680124,0,0.0781,0.0563,0.0781,0.1668,0.5537,-0.0575,0.5507,7
2026-03-21T18:29:05.750697,0,0.0484,0.0484,0.0305,0.1660,0.5426,-0.0615,0.5391,6
2026-03-21T18:29:05.820527,0,0.0722,0.0558,0.0722,0.1663,0.5541,-0.0575,0.5511,7
2026-03-21T18:29:05.889529,0,0.0701,0.0547,0.0701,0.1652,0.5539,-0.0574,0.5510,7
2026-03-21T18:29:05.959706,0,0.0761,0.0570,0.0761,0.1674,0.5537,-0.0575,0.5507,7
2026-03-21T18:29:06.028892,0,0.0662,0.0572,0.0662,0.1675,0.5555,-0.0578,0.5525,7
2026-03-21T18:29:06.099110,0,0.0761,0.0541,0.0761,0.1646,0.5518,-0.0572,0.5488,7
2026-03-21T18:29:06.168422,0,0.0761,0.0563,0.0761,0.1668,0.5548,-0.0576,0.5518,7
2026-03-21T18:29:06.237982,0,0.0820,0.0571,0.0820,0.1675,0.5537,-0.0575,0.5507,7
2026-03-21T18:29:06.307685,0,0.0671,0.0583,0.0671,0.1685,0.5561,-0.0579,0.5531,7
2026-03-21T18:29:06.377747,0,0.0672,0.0582,0.0672,0.1683,0.5561,-0.0579,0.5531,7
2026-03-21T18:29:06.446723,0,0.0503,0.0503,0.0320,0.1677,0.5468,-0.0621,0.5432,6
2026-03-21T18:29:06.516746,0,0.0652,0.0581,0.0652,0.1683,0.5575,-0.0580,0.5545,7
2026-03-21T18:29:06.586159,0,0.0762,0.0544,0.0762,0.1652,0.5571,-0.0577,0.5541,7
2026-03-21T18:29:06.655935,0,0.0772,0.0566,0.0772,0.1674,0.5601,-0.0581,0.5571,7
2026-03-21T18:29:06.726533,0,0.0671,0.0582,0.0671,0.1682,0.5551,-0.0577,0.5521,7
2026-03-21T18:29:06.795695,0,0.0712,0.0568,0.0712,0.1674,0.5591,-0.0581,0.5561,7
2026-03-21T18:29:06.865767,0,0.0712,0.0575,0.0712,0.1682,0.5588,-0.0580,0.5558,7
2026-03-21T18:29:06.935083,0,0.0751,0.0593,0.0751,0.1696,0.5568,-0.0580,0.5538,7
2026-03-21T18:29:07.004673,0,0.0681,0.0599,0.0681,0.1699,0.5584,-0.0582,0.5553,7
2026-03-21T18:29:07.074402,0,0.0731,0.0595,0.0731,0.1699,0.5585,-0.0582,0.5555,7
2026-03-21T18:29:07.143690,0,0.0632,0.0597,0.0632,0.1697,0.5586,-0.0583,0.5556,7
2026-03-21T18:29:07.213787,0,0.0681,0.0577,0.0681,0.1680,0.5558,-0.0579,0.5528,7
2026-03-21T18:29:07.283646,0,0.0631,0.0581,0.0631,0.1680,0.5565,-0.0580,0.5535,7
2026-03-21T18:29:07.352556,0,0.0642,0.0589,0.0642,0.1691,0.5586,-0.0582,0.5556,7
2026-03-21T18:29:07.422580,0,0.0732,0.0581,0.0732,0.1689,0.5612,-0.0583,0.5582,7
2026-03-21T18:29:07.492295,0,0.0801,0.0549,0.0801,0.1660,0.5601,-0.0580,0.5571,7
2026-03-21T18:29:07.561917,0,0.0721,0.0544,0.0721,0.1652,0.5582,-0.0578,0.5552,7
2026-03-21T18:29:07.631966,0,0.0782,0.0569,0.0782,0.1677,0.5594,-0.0581,0.5563,7
2026-03-21T18:29:07.701082,0,0.0751,0.0578,0.0751,0.1685,0.5614,-0.0583,0.5583,7
2026-03-21T18:29:07.771412,0,0.0631,0.0589,0.0631,0.1691,0.5606,-0.0584,0.5576,7
2026-03-21T18:29:07.840855,0,0.0711,0.0578,0.0711,0.1683,0.5615,-0.0583,0.5585,7
2026-03-21T18:29:07.910476,0,0.0791,0.0546,0.0791,0.1653,0.5561,-0.0576,0.5531,7
2026-03-21T18:29:07.979415,0,0.0770,0.0574,0.0770,0.1675,0.5488,-0.0570,0.5458,7
2026-03-21T18:29:08.049594,0,0.0750,0.0567,0.0750,0.1666,0.5465,-0.0569,0.5435,7
2026-03-21T18:29:08.119009,0,0.0515,0.0515,0.0439,0.1677,0.5359,-0.0610,0.5324,6
2026-03-21T18:29:08.189093,0,0.0515,0.0515,0.0409,0.1679,0.5376,-0.0612,0.5341,6
2026-03-21T18:29:08.258880,0,0.0772,0.0569,0.0772,0.1669,0.5439,-0.0566,0.5410,7
2026-03-21T18:29:08.328529,0,0.0731,0.0586,0.0731,0.1688,0.5532,-0.0576,0.5502,7
2026-03-21T18:29:08.398672,0,0.0671,0.0604,0.0671,0.1705,0.5581,-0.0582,0.5550,7
2026-03-21T18:29:08.468297,0,0.0631,0.0606,0.0631,0.1704,0.5555,-0.0581,0.5525,7
2026-03-21T18:29:08.537826,0,0.0611,0.0604,0.0611,0.1700,0.5524,-0.0578,0.5493,7
2026-03-21T18:29:08.607065,0,0.0608,0.0608,0.0601,0.1704,0.5504,-0.0576,0.5473,7
2026-03-21T18:29:08.676134,0,0.0604,0.0604,0.0602,0.1700,0.5511,-0.0577,0.5481,7
2026-03-21T18:29:08.746497,0,0.0590,0.0590,0.0562,0.1685,0.5501,-0.0575,0.5471,7
2026-03-21T18:29:08.815972,0,0.0621,0.0604,0.0621,0.1700,0.5512,-0.0577,0.5482,7
2026-03-21T18:29:08.886104,0,0.0625,0.0625,0.0557,0.1718,0.5535,-0.0580,0.5505,7
2026-03-21T18:29:08.956131,0,0.0625,0.0625,0.0556,0.1721,0.5582,-0.0584,0.5552,7
2026-03-21T18:29:09.026119,0,0.0492,0.0450,0.0492,0.1543,0.5451,-0.0519,0.5426,6
2026-03-21T18:29:09.096255,0,0.0629,0.0629,0.0606,0.1722,0.5576,-0.0584,0.5546,7
2026-03-21T18:29:09.165028,0,0.0491,0.0456,0.0491,0.1548,0.5471,-0.0521,0.5446,6
2026-03-21T18:29:09.233829,0,0.0617,0.0617,0.0561,0.1711,0.5566,-0.0583,0.5536,7
2026-03-21T18:29:09.303692,0,0.0603,0.0603,0.0592,0.1700,0.5542,-0.0579,0.5512,7
2026-03-21T18:29:09.373873,0,0.0584,0.0584,0.0531,0.1679,0.5512,-0.0575,0.5482,7
2026-03-21T18:29:09.443401,0,0.0601,0.0587,0.0601,0.1686,0.5539,-0.0577,0.5509,7
2026-03-21T18:29:09.512780,0,0.0592,0.0591,0.0592,0.1688,0.5522,-0.0576,0.5492,7
2026-03-21T18:29:09.583007,0,0.0597,0.0597,0.0581,0.1693,0.5525,-0.0577,0.5495,7
2026-03-21T18:29:09.652809,0,0.0631,0.0581,0.0631,0.1677,0.5494,-0.0572,0.5464,7
2026-03-21T18:29:09.722904,0,0.0631,0.0582,0.0631,0.1679,0.5485,-0.0572,0.5455,7
2026-03-21T18:29:09.792008,0,0.0566,0.0566,0.0552,0.1660,0.5482,-0.0570,0.5453,7
2026-03-21T18:29:09.862219,0,0.0596,0.0596,0.0572,0.1693,0.5538,-0.0578,0.5508,7
2026-03-21T18:29:09.932220,0,0.0601,0.0580,0.0601,0.1677,0.5544,-0.0577,0.5514,7
2026-03-21T18:29:10.000880,0,0.0615,0.0615,0.0611,0.1711,0.5549,-0.0580,0.5519,7
2026-03-21T18:29:10.070743,0,0.0613,0.0613,0.0542,0.1708,0.5568,-0.0582,0.5537,7
2026-03-21T18:29:10.140768,0,0.0586,0.0586,0.0501,0.1679,0.5534,-0.0577,0.5504,7
2026-03-21T18:29:10.211031,0,0.0612,0.0570,0.0612,0.1668,0.5514,-0.0573,0.5484,7
2026-03-21T18:29:10.280760,0,0.0579,0.0579,0.0532,0.1672,0.5508,-0.0574,0.5478,7
2026-03-21T18:29:10.349277,0,0.0661,0.0591,0.0661,0.1689,0.5544,-0.0577,0.5513,7
2026-03-21T18:29:10.419560,0,0.0631,0.0574,0.0631,0.1671,0.5535,-0.0576,0.5505,7
2026-03-21T18:29:10.489207,0,0.0622,0.0574,0.0622,0.1672,0.5531,-0.0575,0.5501,7
2026-03-21T18:29:10.558660,0,0.0591,0.0569,0.0591,0.1664,0.5498,-0.0573,0.5468,7
2026-03-21T18:29:10.629139,0,0.0581,0.0570,0.0581,0.1668,0.5532,-0.0576,0.5502,7
2026-03-21T18:29:10.698161,0,0.0612,0.0543,0.0612,0.1641,0.5502,-0.0571,0.5473,7
2026-03-21T18:29:10.767733,0,0.0569,0.0569,0.0562,0.1663,0.5512,-0.0573,0.5482,7
2026-03-21T18:29:10.837106,0,0.0711,0.0542,0.0711,0.1644,0.5518,-0.0572,0.5488,7
2026-03-21T18:29:10.906473,0,0.0721,0.0551,0.0721,0.1652,0.5514,-0.0572,0.5484,7
2026-03-21T18:29:10.976292,0,0.0581,0.0575,0.0581,0.1669,0.5488,-0.0571,0.5458,7
2026-03-21T18:29:11.046960,0,0.0661,0.0538,0.0661,0.1635,0.5471,-0.0567,0.5441,7
2026-03-21T18:29:11.115799,0,0.0691,0.0560,0.0691,0.1658,0.5501,-0.0571,0.5471,7
2026-03-21T18:29:11.185059,0,0.0564,0.0564,0.0542,0.1657,0.5491,-0.0571,0.5461,7
2026-03-21T18:29:11.255158,0,0.0571,0.0563,0.0571,0.1658,0.5499,-0.0572,0.5470,7
2026-03-21T18:29:11.324395,0,0.0571,0.0571,0.0562,0.1666,0.5491,-0.0571,0.5461,7
2026-03-21T18:29:11.394466,0,0.0581,0.0581,0.0471,0.1671,0.5504,-0.0574,0.5474,7
2026-03-21T18:29:11.463786,0,0.0581,0.0571,0.0581,0.1668,0.5501,-0.0572,0.5471,7
2026-03-21T18:29:11.533510,0,0.0624,0.0569,0.0624,0.1668,0.5479,-0.0570,0.5450,7
2026-03-21T18:29:11.603437,0,0.0574,0.0574,0.0542,0.1669,0.5507,-0.0573,0.5477,7
2026-03-21T18:29:11.673008,0,0.0579,0.0579,0.0501,0.1672,0.5515,-0.0575,0.5485,7
2026-03-21T18:29:11.743651,0,0.0591,0.0591,0.0502,0.1682,0.5478,-0.0572,0.5448,7
2026-03-21T18:29:11.812907,0,0.0611,0.0572,0.0611,0.1669,0.5504,-0.0574,0.5474,7
2026-03-21T18:29:11.882591,0,0.0671,0.0558,0.0671,0.1657,0.5485,-0.0570,0.5455,7
2026-03-21T18:29:11.952499,0,0.0721,0.0569,0.0721,0.1671,0.5508,-0.0573,0.5478,7
2026-03-21T18:29:12.021486,0,0.0642,0.0582,0.0642,0.1677,0.5485,-0.0572,0.5455,7
2026-03-21T18:29:12.091772,0,0.0587,0.0587,0.0512,0.1679,0.5491,-0.0572,0.5461,7
2026-03-21T18:29:12.161977,0,0.0621,0.0558,0.0621,0.1657,0.5484,-0.0570,0.5454,7
2026-03-21T18:29:12.231176,0,0.0585,0.0585,0.0451,0.1675,0.5494,-0.0574,0.5464,7
2026-03-21T18:29:12.300474,0,0.0642,0.0581,0.0642,0.1679,0.5492,-0.0572,0.5462,7
2026-03-21T18:29:12.370656,0,0.0589,0.0589,0.0531,0.1680,0.5462,-0.0570,0.5432,7
2026-03-21T18:29:12.440208,0,0.0582,0.0582,0.0542,0.1677,0.5507,-0.0574,0.5477,7
2026-03-21T18:29:12.510001,0,0.0611,0.0580,0.0611,0.1675,0.5492,-0.0573,0.5462,7
2026-03-21T18:29:12.579557,0,0.0577,0.0577,0.0521,0.1669,0.5481,-0.0571,0.5451,7
2026-03-21T18:29:12.649640,0,0.0711,0.0553,0.0711,0.1655,0.5498,-0.0571,0.5468,7
2026-03-21T18:29:12.719046,0,0.0661,0.0559,0.0661,0.1658,0.5515,-0.0572,0.5485,7
2026-03-21T18:29:12.788451,0,0.0771,0.0555,0.0771,0.1658,0.5511,-0.0572,0.5481,7
2026-03-21T18:29:12.858959,0,0.0505,0.0505,0.0389,0.1675,0.5411,-0.0615,0.5376,6
2026-03-21T18:29:12.935173,0,0.0631,0.0573,0.0631,0.1671,0.5521,-0.0574,0.5491,7
2026-03-21T18:29:12.998526,0,0.0651,0.0587,0.0651,0.1683,0.5504,-0.0574,0.5474,7
2026-03-21T18:29:13.068937,0,0.0631,0.0594,0.0631,0.1691,0.5521,-0.0576,0.5491,7
2026-03-21T18:29:13.178890,0,0.0601,0.0597,0.0601,0.1696,0.5544,-0.0579,0.5513,7
2026-03-21T18:29:13.227990,0,0.0605,0.0605,0.0561,0.1700,0.5539,-0.0579,0.5509,7
2026-03-21T18:29:13.312232,0,0.0602,0.0592,0.0602,0.1688,0.5511,-0.0575,0.5481,7
2026-03-21T18:29:13.375295,0,0.0615,0.0615,0.0541,0.1708,0.5515,-0.0578,0.5485,7
2026-03-21T18:29:13.458815,0,0.0626,0.0626,0.0617,0.1722,0.5556,-0.0582,0.5526,7
2026-03-21T18:29:13.519340,0,0.0625,0.0625,0.0577,0.1718,0.5544,-0.0581,0.5513,7
2026-03-21T18:29:13.588561,0,0.0452,0.0447,0.0452,0.1539,0.5454,-0.0520,0.5429,6
2026-03-21T18:29:13.636891,0,0.0446,0.0446,0.0444,0.1537,0.5451,-0.0519,0.5426,6
2026-03-21T18:29:13.694686,0,0.0501,0.0448,0.0501,0.1540,0.5444,-0.0519,0.5419,6
2026-03-21T18:29:13.765628,0,0.0465,0.0465,0.0452,0.1554,0.5466,-0.0522,0.5441,6
2026-03-21T18:29:13.839019,0,0.0491,0.0461,0.0491,0.1554,0.5493,-0.0524,0.5467,6
2026-03-21T18:29:13.941129,0,0.0458,0.0458,0.0412,0.1548,0.5489,-0.0524,0.5464,6
2026-03-21T18:29:14.018113,0,0.0887,0.0543,0.0887,0.1548,0.5591,-0.0480,0.5570,7
2026-03-21T18:29:14.073261,0,0.0837,0.0575,0.0837,0.1578,0.5585,-0.0482,0.5564,7
2026-03-21T18:29:14.139240,0,0.0497,0.0497,0.0343,0.1584,0.5534,-0.0531,0.5509,6
2026-03-21T18:29:14.193861,0,0.0777,0.0584,0.0777,0.1584,0.5571,-0.0482,0.5550,7
2026-03-21T18:29:14.255225,0,0.0490,0.0490,0.0395,0.1575,0.5453,-0.0523,0.5427,6
2026-03-21T18:29:14.325768,0,0.0488,0.0488,0.0362,0.1573,0.5486,-0.0526,0.5461,6
2026-03-21T18:29:14.402127,0,0.0737,0.0595,0.0737,0.1594,0.5582,-0.0484,0.5561,7
2026-03-21T18:29:14.464965,0,0.0647,0.0451,0.0647,0.8271,0.5464,-0.0424,0.5448,6
2026-03-21T18:29:14.530881,0,0.0756,0.0625,0.0756,0.8446,0.5576,-0.0485,0.5555,7
2026-03-21T18:29:14.601050,0,0.0501,0.0477,0.0501,0.8394,0.5522,-0.0527,0.5497,6
2026-03-21T18:29:14.669857,0,0.0631,0.0451,0.0631,0.8373,0.5491,-0.0522,0.5466,6
2026-03-21T18:29:14.739944,0,0.0591,0.0496,0.0591,0.8416,0.5524,-0.0529,0.5499,6
2026-03-21T18:29:14.809793,0,0.0532,0.0497,0.0532,0.8414,0.5539,-0.0531,0.5514,6
2026-03-21T18:29:14.879797,0,0.0676,0.0608,0.0676,0.8430,0.5601,-0.0486,0.5580,7
2026-03-21T18:29:14.949292,0,0.0508,0.0508,0.0502,0.8424,0.5526,-0.0530,0.5500,6
2026-03-21T18:29:15.018901,0,0.0696,0.0604,0.0696,0.8428,0.5622,-0.0487,0.5601,7
2026-03-21T18:29:15.088905,0,0.0826,0.0590,0.0826,0.8416,0.5586,-0.0483,0.5566,7
2026-03-21T18:29:15.158470,0,0.0521,0.0505,0.0521,0.8421,0.5514,-0.0529,0.5489,6
2026-03-21T18:29:15.227674,0,0.0499,0.0499,0.0472,0.8414,0.5512,-0.0528,0.5487,6
2026-03-21T18:29:15.298017,0,0.0865,0.0590,0.0865,0.8416,0.5572,-0.0482,0.5551,7
2026-03-21T18:29:15.368035,0,0.0776,0.0577,0.0776,0.8402,0.5589,-0.0482,0.5568,7
2026-03-21T18:29:15.436502,0,0.0846,0.0584,0.0846,0.8409,0.5545,-0.0480,0.5524,7
2026-03-21T18:29:15.507086,0,0.0895,0.0583,0.0895,0.8412,0.5621,-0.0485,0.5600,7
2026-03-21T18:29:15.576353,0,0.0796,0.0599,0.0796,0.8424,0.5585,-0.0484,0.5564,7
2026-03-21T18:29:15.645687,0,0.0741,0.0457,0.0741,0.8387,0.5551,-0.0527,0.5526,6
2026-03-21T18:29:15.715684,0,0.0708,0.0583,0.0708,0.8710,0.5524,-0.0768,0.5470,7
2026-03-21T18:29:15.785519,0,0.0850,0.0555,0.0850,0.9009,0.5585,-0.1064,0.5483,7
2026-03-21T18:29:15.855197,0,0.0556,0.0556,0.0435,0.8885,0.5789,-0.0958,0.5709,6
2026-03-21T18:29:19.548467,0,0.0558,0.0054,0.0558,0.9169,0.3275,-0.1534,0.2894,5
2026-03-21T18:29:19.617858,0,0.0659,0.0141,0.0659,0.9252,0.3307,-0.1548,0.2922,5
